Feature,Enrolment_Abs,Update_Importance,Risk_Importance,Overall_Rank
total_enrolments,6505.136278625749,0.001837082296038009,0.012152184656735619,2168.3834226309004
total_bio_updates,4.792560697382543e-12,0.7174663778486833,0.01636607864209752,0.24461081883185778
bio_update_ratio,4.482649974337448e-11,0.0010358569086483024,0.456731277799236,0.15258904491757028
lifecycle_stress_index,5.2659229986655706e-11,0.0008816754604306292,0.3983130014972841,0.13306489233679133
total_demo_updates,2.9816949727088026e-12,0.2760353773685323,0.008927365872340784,0.09498758108128491
demo_update_ratio,2.6671932388642084e-11,0.0006463058801514887,0.057872817005798764,0.019506374304207395
enrolment_volatility,6.490627214757301e-12,0.00031582851936371267,0.02344630868869314,0.00792071240484916
avg_days_since_enrol,1.1030599942149701e-13,0.0005512874042299232,0.014379403534443443,0.004976896979594557
demographic_volatility,5.3035983726121235e-12,0.0001733325674387734,0.006646824767401282,0.0022733857800478845
biometric_volatility,3.542022049691278e-12,0.001056875746483569,0.005164737535969244,0.0020738710953316117
