State,Total_Enrolments,Avg_Pred_Enrol_Load,Total_Pred_Demo_Updates,Total_Pred_Bio_Updates,Avg_Demand_Score,Avg_Risk_Score,Avg_Priority_Score,Num_Districts
Daman & Diu,21,10.500000000030923,653.6287067436905,2232.2812619410456,0.024034059696097166,1828.5748817366552,3556.3516966668467,2
Daman and Diu,120,60.000000000017735,1543.2272025213338,6736.524115925187,0.13733748397733422,1011.7079501259477,1874.6857142613985,2
Andaman and Nicobar Islands,397,132.33333333334335,6149.509070042092,18365.262759096317,0.30290545077216496,811.4598467363356,1524.6365914935786,3
ODISHA,1,0.9999999999690772,54.408562992495796,47.32356640794153,0.0022889580662174462,528.6804795187381,1281.662220451162,1
Manipur,13456,1121.333333333342,301504.46187411464,282789.579093376,2.566684978331218,610.5444998128049,1278.2811678586093,12
Dadra and Nagar Haveli,744,743.9999999999964,6133.034623279782,26816.756652866756,1.7029848013184326,681.9121072456574,1226.025104127561,1
Maharashtra,369139,6964.886792452837,5054955.020732472,9194698.841088349,15.942333804369259,606.1723509514452,1220.0433738224758,53
Chhattisgarh,103219,2580.474999999993,2006184.5426500398,2647542.0326338215,5.906599066105097,583.4206819035956,1179.5783581776377,40
Punjab,76746,2740.928571428575,882124.8477820059,1739234.8995272873,6.273870562691305,582.6531465803324,1111.2997137404159,28
Andhra Pradesh,127681,2716.617021276588,2293971.288403814,3705350.802932687,6.218222443866943,540.3536215116482,1094.1692110916952,47
Goa,2333,777.66666666667,35182.334903553434,68362.92571049859,1.7800463895501524,525.028157047614,1072.7786547815244,3
Rajasthan,348458,8103.674418604648,2815394.577365047,3994650.988327694,18.54897092703867,437.8972446731411,1030.0721227135195,43
Mizoram,5926,493.83333333333576,41881.370628555065,120311.28582329478,1.130363791735342,525.8881226785422,979.441783417084,12
Tripura,11285,1253.8888888888941,138028.12579406903,292491.1153461447,2.870099086451417,520.3009360953222,976.3455227557437,9
WESTBENGAL,1,0.9999999999572537,56.73804016481183,16.176080578835357,0.002288958066190383,366.00847706881063,912.1461326582971,1
Chandigarh,2723,1361.4999999999663,83344.74960001827,74458.96216704964,3.1164164072513443,442.1758341889001,903.6117258686206,2
Telangana,131574,3132.7142857142844,1629548.0081156783,1737582.018629985,7.170651633662073,418.77057686252175,888.096315653236,42
Puducherry,1745,436.2499999999974,25363.17141063373,42125.48415892185,0.9985579564182332,438.6386219196345,886.3566910369088,4
Arunachal Pradesh,4344,173.7600000000068,36124.58770584134,72504.64923232017,0.39772935359825795,455.1060902440121,884.6880866426185,25
Kerala,75002,5000.133333333332,744954.5022850096,1609242.4903232004,11.445095525849972,464.88721817964057,870.8832291058874,15
Uttarakhand,37698,2513.19999999999,465147.2407763112,763870.9702309214,5.752609412195549,461.13398963289967,866.9699408880974,15
Dadra & Nagar Haveli,25,25.00000000000182,249.1051216813519,541.2181247009995,0.057223951657209844,455.2915855317844,835.6039187070443,1
Himachal Pradesh,17486,1249.0000000000016,149497.9877121105,395978.2028498012,2.8589086247939988,440.46606597267464,829.681884823739,14
Lakshadweep,203,203.0000000000091,1211.1777415810009,4819.24256130388,0.46465848745653093,461.3492792950298,822.0317139471717,1
Dadra and Nagar Haveli and Daman and Diu,173,57.66666666665454,3773.881624158683,2509.360994496929,0.13199658182259333,373.3885146454317,810.9108365089625,3
Haryana,98252,3778.923076923071,1166417.23675138,1636626.628469404,8.649796458805792,404.8689282783076,798.136350416827,26
Ladakh,617,308.5000000000073,5698.130300342761,5804.508427084291,0.7061435634499347,386.9724578310925,783.8053505705886,2
Odisha,118837,2640.8222222222216,1083102.2361936274,2401417.03679595,6.044731327188755,384.8587672664216,747.3031419806929,45
Tamil Nadu,220789,4799.760869565211,2211191.9035221925,4698866.415694077,10.986451358645885,380.4224828320793,744.2498574056897,46
Delhi,94529,6752.071428571422,1438948.3755784873,1304372.0748050122,15.455208360582832,332.87307670387423,696.9241281419982,14
Jammu and Kashmir,47991,1999.6249999999934,406883.4716399772,791084.6335031005,4.57705777330158,331.0772582471079,656.6789174049201,24
Jharkhand,157539,4501.114285714289,1401391.1684754284,2027264.2871763594,10.302861851570892,293.9050064844665,596.764100373049,35
Pondicherry,1272,423.9999999999988,7473.72352675061,27686.810057972136,0.9705182201062055,306.0313711354454,586.5782803098818,3
Sikkim,2207,220.7,20276.47532725373,23098.322170364838,0.5051730452298118,249.5472070249697,539.3207136719806,10
Karnataka,223235,3986.3392857142862,1695729.5371168142,2635909.380745787,9.124563462997367,254.02140801157498,519.649238055488,56
Madhya Pradesh,493970,8097.868852459008,2912844.4504725537,5922184.457774235,18.535682229580235,260.5718380191685,513.4946463820611,61
Uttar Pradesh,1018629,11445.269662921351,8541244.454367034,9576802.595593465,26.197742315787764,232.26000887595868,494.687397682963,89
Gujarat,280549,7013.725,1824211.2130529024,3197478.8072884884,16.054122413477394,236.07009650425675,462.40120775024997,40
andhra pradesh,5,2.4999999999886313,84.94303308649667,43.22728831480296,0.005722395165694545,188.0425255505948,456.8967088835677,2
Bihar,609585,12699.687500000005,4813365.584425381,4897456.376192855,29.06905214246478,201.50185887310326,430.5221256441176,48
Andaman & Nicobar Islands,114,38.00000000000333,1072.955226008072,2435.8820426911434,0.08698040651896026,271.0011918125301,415.5138130280955,3
West Bangal,10,5.0000000000081855,148.78516759719005,50.204088636099556,0.011444790331459872,176.07269711678765,413.55262764578794,2
West Bengal,375297,6470.637931034479,3871555.3037812747,2525220.8142563505,14.811018886271937,160.06976426703065,374.7590784304428,58
Westbengal,6,6.000000000010004,86.77124229668624,16.494340978653433,0.013733748397752262,156.27825153875332,373.1877695377236,1
Nagaland,15587,916.8823529411868,36758.91269698884,109760.69929539695,2.098705257602059,180.46947519743736,348.5799963816644,17
Orissa,4149,118.54285714285997,29040.110439943095,62159.44164329701,0.27133962905800235,162.64294855448617,348.346755825402,35
WEST BENGAL,4,3.999999999976353,46.5587699077503,16.785653822003617,0.009155832265098782,136.7524276963552,321.7566555168728,1
Assam,230197,6057.815789473693,1012980.269329414,982425.0840941074,13.866086315403995,128.0308881160903,279.73826745911845,38
West  Bengal,15,14.999999999968168,101.8091793258093,32.394100740438674,0.03433437099425054,100.54803100216232,218.03841589518942,1
West bengal,7,7.0,45.641421277742545,16.4349201552146,0.01602270646401759,88.01494375368502,199.20313227117458,1
Jammu & Kashmir,155,10.333333333346612,469.98111026721193,464.17034008303835,0.02365256668500874,57.78441625903516,161.31423764317424,15
Meghalaya,109771,7840.785714285727,87513.83990506512,87586.65007489578,17.947229706751816,29.15457102288901,58.126628107612625,14
The Dadra And Nagar Haveli And Daman And Diu,716,716.0000000000036,7.390194625193653,12.162134718235226,1.6388939754623788,0.0,1.0370609218835918,1
100000,218,218.00000000001,9.058306531636893,-9.33081440875452,0.4989928584508564,0.645831391128707,0.4477269889792791,1
