State,District,total_enrolments,Demand_Score,Risk_Score,Backlog_Score,Priority_Score,biometric_risk_category
Telangana,Medchal?malkajgiri,2,0.004577916132822106,5390.59509341066,39468.10624102481,10588.920168285133,HIGH
Rajasthan,Beawar,1,0.0022889580662944727,2411.515190738508,26172.196824833492,6440.197647023373,HIGH
Rajasthan,Balotra,1,0.0022889580662923906,2364.3261635332124,26172.196824833492,6416.6031334207255,HIGH
Rajasthan,Didwana-Kuchaman,2,0.004577916132580618,2256.597619703623,24152.013073994734,5958.702798025599,HIGH
Daman & Diu,Daman,9,0.020600622596702298,2519.004533987448,18292.13968566857,4917.936384314217,HIGH
Maharashtra,Ahilyanagar,13,0.029756454861771933,1619.806386284462,17127.675449338552,4235.4472099464,HIGH
Rajasthan,Deeg ,8,0.0183116645303079,1134.182861989759,11653.329855069092,2897.762895508057,HIGH
Manipur,Thoubal,1067,2.4423182567295756,1355.0731403547782,10818.170569999933,2841.9033796543945,HIGH
Manipur,Imphal East,1132,2.5911005310383115,1298.3178572378902,10177.900411919281,2685.516341162113,HIGH
Rajasthan,Salumbar,1,0.002288958066290309,1021.854086745299,10768.203692658255,2664.5684685917204,HIGH
Mizoram,Serchhip,102,0.23347372276144915,1398.3039923008814,9768.328818877462,2652.8878020427615,HIGH
Manipur,Imphal West,1236,2.829152169932283,1244.043998655576,9754.031638451339,2573.6770726690356,HIGH
Chhattisgarh,Mohla-Manpur-Ambagarh Chouki,259,0.5928401391686404,1005.6065007075777,9382.414806602703,2379.46406371608,HIGH
Daman and Diu,Daman,58,0.13275956784476922,1252.3211465431916,8590.726766470929,2344.3457544361354,HIGH
Chhattisgarh,Balod,1678,3.8408716352316485,1106.586129336725,8393.749123672585,2233.195150893449,HIGH
Maharashtra,Gadchiroli,2374,5.433986449368303,1144.5007027472648,8116.332112284688,2197.1469697653806,HIGH
Daman & Diu,Diu,12,0.027467496795492034,1138.1452294858623,8128.430770137528,2194.7670090194756,HIGH
Maharashtra,Wardha,1953,4.470335103460968,1166.797806627289,8024.882184273095,2189.716440699302,HIGH
Andhra Pradesh,Warangal,1059,2.424006592199243,1085.3702544774296,8192.651245056475,2181.94257822767,HIGH
Andhra Pradesh,Srikakulam,4300,9.842519685039354,1014.2847008069162,7633.149013183818,2036.7249089457337,HIGH
Mizoram,Mamit,171,0.39141182933532637,1105.4477675898186,7291.821900405547,2011.2056874248196,HIGH
Maharashtra,Ratnagiri,2603,5.958157846548301,1041.052081352602,7379.535770598397,1998.220642149945,HIGH
Maharashtra,Bhandara,1903,4.355887200146549,1040.547484732167,7363.914174917141,1994.3633435095558,HIGH
Punjab,Mansa,1124,2.5727888665079974,1034.7501647075433,7345.763089058835,1987.2995368254913,HIGH
Maharashtra,Chandrapur,4475,10.243087346639841,997.5469527305601,7276.33620238957,1957.113643047186,HIGH
Andaman and Nicobar Islands,South Andaman,190,0.43490203259479643,1012.3398137525463,7088.217550656449,1923.9438876173417,HIGH
Arunachal Pradesh,Upper Siang,43,0.09842519685042707,938.4038135028977,7253.306325702377,1919.8926994509795,HIGH
Chhattisgarh,Rajnandgaon,4185,9.579289507416206,932.8725551529635,7229.465015289263,1915.2030674865591,HIGH
Maharashtra,Yavatmal,7594,17.382347555392794,934.9498472526142,6889.802423799978,1850.6501126529206,HIGH
Chhattisgarh,Dhamtari,1968,4.504669474455233,952.6869659657286,6858.92059670724,1849.479003166649,HIGH
Chhattisgarh,Mahasamund,3361,7.693188060794709,867.4167364569365,7001.104753088409,1836.2372752643885,HIGH
Maharashtra,Osmanabad,4026,9.215345174876427,877.058171158847,6552.742252058556,1751.8421395435976,HIGH
Andaman and Nicobar Islands,North And Middle Andaman,132,0.3021424647500751,913.7496130147229,6331.265905079741,1723.2186302627347,HIGH
Andhra Pradesh,Khammam,1133,2.5933894891045615,856.9723952166006,6463.701883802166,1722.0045912154649,HIGH
Maharashtra,Amravati,6915,15.828145028383103,915.1970744135193,6281.490827825976,1718.64514628047,HIGH
Maharashtra,Sindhudurg,1202,2.751327595678499,866.877524584177,6373.3082650630795,1708.925813583408,HIGH
Chhattisgarh,Durg,4095,9.373283281450275,888.7949265013345,6273.808900498622,1701.971228334827,HIGH
Manipur,Bishnupur,1117,2.5567661600439706,813.9146606896052,6469.506783228291,1701.625716838474,HIGH
Chhattisgarh,Janjgir-champa,4639,10.618476469511062,862.3484435227022,6310.324146999652,1696.424594102135,HIGH
Andhra Pradesh,Vizianagaram,3856,8.82622230360739,864.8214437375643,6192.905154892265,1673.6396195383174,HIGH
Chhattisgarh,Kabeerdham,955,2.185954953305257,826.1129633214242,6242.507365620522,1662.2137412708082,HIGH
Chhattisgarh,Bemetara,2771,6.34270280168467,855.8566733073083,6150.520984611602,1659.9353444164801,HIGH
Maharashtra,Gondia,29,0.06637978392240647,780.175333786662,6234.371330819746,1636.981846992457,HIGH
Punjab,Ferozepur,1381,3.161051089544061,843.3288499215892,6045.110230446631,1631.634786376984,HIGH
Punjab,Faridkot,902,2.0646401757920056,860.396885712751,5986.608673191538,1628.139569547421,HIGH
Andhra Pradesh,East Godavari,7678,17.574620032960965,830.9966332092087,5962.542128176102,1613.279128249713,HIGH
Punjab,Sri Muktsar Sahib,1315,3.0099798571690415,848.272393454715,5923.9339857697605,1609.8259878384604,HIGH
Chhattisgarh,Kawardha,2142,4.902948177989371,767.707512251994,5963.634199897953,1578.0514805589846,HIGH
Andhra Pradesh,West Godavari,5935,13.584966123420598,807.7556914842381,5848.765740605879,1577.706483700321,HIGH
Maharashtra,Gondiya *,57,0.13047060977847266,730.4648708362516,6011.635036002086,1567.5985838014767,HIGH
